CREATE DATABASE IF NOT EXISTS retail_demo_ext2;
USE retail_demo_ext2;

DROP TABLE IF EXISTS shipments;
DROP TABLE IF EXISTS payments;
DROP TABLE IF EXISTS orders;
DROP TABLE IF EXISTS products;
DROP TABLE IF EXISTS customers;

CREATE TABLE customers (
    customer_id INT PRIMARY KEY,
    name VARCHAR(50),
    country VARCHAR(30)
);

CREATE TABLE products (
    product_id INT PRIMARY KEY,
    product_name VARCHAR(50),
    category VARCHAR(30)
);

CREATE TABLE orders (
    order_id INT PRIMARY KEY,
    customer_id INT,
    product_id INT,
    paid_price INT,
    order_date DATE,
    FOREIGN KEY (customer_id) REFERENCES customers(customer_id),
    FOREIGN KEY (product_id) REFERENCES products(product_id)
);

CREATE TABLE payments (
    payment_id INT PRIMARY KEY,
    order_id INT UNIQUE,
    payment_date DATE,
    amount INT,
    method ENUM('Credit Card','PayPal','Bank Transfer'),
    FOREIGN KEY (order_id) REFERENCES orders(order_id)
);

CREATE TABLE shipments (
    shipment_id INT PRIMARY KEY,
    order_id INT,
    shipped_date DATE,
    delivery_date DATE,
    carrier VARCHAR(30),
    status ENUM('Pending','Shipped','Delivered','Returned'),
    FOREIGN KEY (order_id) REFERENCES orders(order_id)
);


INSERT INTO customers (customer_id,name,country) VALUES
(1,'Alice Johnson','USA'),
(2,'Bob Smith','Canada'),
(3,'Carol Brown','UK'),
(4,'David Miller','Germany'),
(5,'Eva Davis','France'),
(6,'Frank Garcia','Spain'),
(7,'Grace Martins','Italy'),
(8,'Henry Khan','Brazil'),
(9,'Isabel Tanaka','Argentina'),
(10,'Jack Silva','Mexico'),
(11,'Kara Carter','India'),
(12,'Leo Omar','China'),
(13,'Mina Chen','Japan'),
(14,'Nate Lopez','South Korea'),
(15,'Olivia Schmidt','Australia'),
(16,'Paul Martin','New Zealand'),
(17,'Quinn Alvarez','Sweden'),
(18,'Rita Patel','Norway'),
(19,'Sam Ahmed','Denmark'),
(20,'Tara Williams','Poland'),
(21,'Uma Rao','Netherlands'),
(22,'Victor Kozlov','South Africa');

INSERT INTO products (product_id,product_name,category) VALUES
(1,'Furniture_Product_1','Furniture'),
(2,'Electronics_Product_2','Electronics'),
(3,'Sports_Product_3','Sports'),
(4,'Books_Product_4','Books'),
(5,'Books_Product_5','Books'),
(6,'Apparel_Product_6','Apparel'),
(7,'Furniture_Product_7','Furniture'),
(8,'Furniture_Product_8','Furniture'),
(9,'Toys_Product_9','Toys'),
(10,'Electronics_Product_10','Electronics'),
(11,'Electronics_Product_11','Electronics'),
(12,'Furniture_Product_12','Furniture'),
(13,'Books_Product_13','Books'),
(14,'Books_Product_14','Books'),
(15,'Electronics_Product_15','Electronics'),
(16,'Books_Product_16','Books'),
(17,'Toys_Product_17','Toys'),
(18,'Books_Product_18','Books'),
(19,'Kitchen_Product_19','Kitchen'),
(20,'Sports_Product_20','Sports'),
(21,'Electronics_Product_21','Electronics'),
(22,'Apparel_Product_22','Apparel'),
(23,'Toys_Product_23','Toys'),
(24,'Beauty_Product_24','Beauty'),
(25,'Sports_Product_25','Sports'),
(26,'Apparel_Product_26','Apparel'),
(27,'Books_Product_27','Books'),
(28,'Beauty_Product_28','Beauty'),
(29,'Furniture_Product_29','Furniture'),
(30,'Furniture_Product_30','Furniture'),
(31,'Toys_Product_31','Toys'),
(32,'Furniture_Product_32','Furniture'),
(33,'Beauty_Product_33','Beauty'),
(34,'Beauty_Product_34','Beauty'),
(35,'Sports_Product_35','Sports'),
(36,'Electronics_Product_36','Electronics'),
(37,'Kitchen_Product_37','Kitchen'),
(38,'Furniture_Product_38','Furniture'),
(39,'Toys_Product_39','Toys'),
(40,'Furniture_Product_40','Furniture'),
(41,'Sports_Product_41','Sports'),
(42,'Beauty_Product_42','Beauty'),
(43,'Books_Product_43','Books'),
(44,'Furniture_Product_44','Furniture'),
(45,'Electronics_Product_45','Electronics'),
(46,'Books_Product_46','Books'),
(47,'Sports_Product_47','Sports'),
(48,'Furniture_Product_48','Furniture'),
(49,'Books_Product_49','Books'),
(50,'Furniture_Product_50','Furniture'),
(51,'Toys_Product_51','Toys'),
(52,'Sports_Product_52','Sports'),
(53,'Kitchen_Product_53','Kitchen'),
(54,'Beauty_Product_54','Beauty');

INSERT INTO orders (order_id,customer_id,product_id,paid_price,order_date) VALUES
(1,6,24,747,'2024-04-22'),
(2,9,45,1938,'2024-02-20'),
(3,6,35,1513,'2024-04-06'),
(4,15,25,572,'2024-09-08'),
(5,11,50,1609,'2024-01-08'),
(6,2,21,841,'2024-05-03'),
(7,7,37,1814,'2024-06-07'),
(8,16,26,1831,'2024-08-05'),
(9,9,9,525,'2024-09-18'),
(10,9,48,1217,'2024-07-19'),
(11,13,24,469,'2024-03-17'),
(12,16,6,1567,'2024-01-28'),
(13,4,10,1305,'2024-03-26'),
(14,14,39,150,'2024-07-13'),
(15,20,30,1103,'2024-05-18'),
(16,1,44,1496,'2024-02-22'),
(17,18,49,566,'2024-06-04'),
(18,10,28,343,'2024-08-01'),
(19,9,33,1580,'2024-03-17'),
(20,4,41,631,'2024-09-20'),
(21,7,10,785,'2024-03-18'),
(22,17,1,1246,'2024-06-16'),
(23,1,8,1922,'2024-06-27'),
(24,10,16,138,'2024-04-19'),
(25,3,6,1518,'2024-08-27'),
(26,3,49,1110,'2024-03-05'),
(27,16,36,358,'2024-05-17'),
(28,20,28,1995,'2024-04-18'),
(29,7,46,658,'2024-07-22'),
(30,12,29,1862,'2024-09-15'),
(31,4,16,480,'2024-02-11'),
(32,1,38,1154,'2024-04-19'),
(33,8,1,165,'2024-01-08'),
(34,3,3,1780,'2024-06-03'),
(35,17,16,590,'2024-08-07'),
(36,18,9,1501,'2024-08-08'),
(37,16,27,409,'2024-02-04'),
(38,14,23,887,'2024-07-15'),
(39,2,44,1358,'2024-02-02'),
(40,13,47,714,'2024-02-08'),
(41,7,13,1118,'2024-08-05'),
(42,14,12,590,'2024-08-08'),
(43,3,29,1674,'2024-09-04'),
(44,2,42,1127,'2024-01-03'),
(45,8,11,852,'2024-08-16'),
(46,7,26,1868,'2024-01-06'),
(47,13,1,819,'2024-05-26'),
(48,15,19,886,'2024-09-22'),
(49,16,10,408,'2024-05-07'),
(50,2,38,1526,'2024-09-02'),
(51,11,4,122,'2024-08-17'),
(52,17,11,136,'2024-09-03'),
(53,6,5,1238,'2024-02-22'),
(54,8,26,265,'2024-04-19'),
(55,20,3,1288,'2024-02-14'),
(56,19,37,1090,'2024-06-09'),
(57,7,43,1486,'2024-06-08'),
(58,9,26,288,'2024-05-15'),
(59,11,49,1936,'2024-02-01'),
(60,15,40,1173,'2024-02-03'),
(61,18,14,1056,'2024-05-05'),
(62,12,5,1820,'2024-04-12'),
(63,10,11,917,'2024-09-23'),
(64,10,40,1672,'2024-09-01'),
(65,18,20,1928,'2024-02-05'),
(66,9,8,1842,'2024-02-24'),
(67,18,10,577,'2024-05-20'),
(68,7,46,722,'2024-04-22'),
(69,9,33,1020,'2024-05-28'),
(70,2,6,1319,'2024-07-27'),
(71,9,3,27,'2024-06-25'),
(72,5,41,556,'2024-03-24'),
(73,15,36,1465,'2024-07-18'),
(74,1,8,174,'2024-03-18'),
(75,2,24,1212,'2024-09-05'),
(76,14,9,105,'2024-05-12'),
(77,2,23,450,'2024-04-22'),
(78,4,23,1617,'2024-09-28'),
(79,14,40,1554,'2024-03-08'),
(80,6,12,1825,'2024-07-01'),
(81,6,48,1913,'2024-06-26'),
(82,14,43,1789,'2024-04-09'),
(83,6,45,241,'2024-07-28'),
(84,2,31,475,'2024-04-27'),
(85,15,23,645,'2024-04-08'),
(86,1,43,415,'2024-07-11'),
(87,9,5,2000,'2024-05-12'),
(88,17,26,1411,'2024-09-11'),
(89,1,8,1816,'2024-05-06'),
(90,19,17,98,'2024-02-20'),
(91,14,23,1512,'2024-06-14'),
(92,20,33,256,'2024-07-19'),
(93,7,17,110,'2024-07-01'),
(94,17,35,1426,'2024-04-12'),
(95,14,5,1963,'2024-06-20'),
(96,11,43,1756,'2024-02-24'),
(97,10,33,653,'2024-07-11'),
(98,13,45,625,'2024-09-05'),
(99,7,27,1381,'2024-07-22'),
(100,6,40,1185,'2024-05-13'),
(101,18,1,642,'2024-05-07'),
(102,14,38,1262,'2024-06-15'),
(103,15,29,1403,'2024-04-17'),
(104,16,48,367,'2024-02-10'),
(105,17,43,1316,'2024-06-03'),
(106,8,44,655,'2024-04-26'),
(107,7,10,70,'2024-01-08'),
(108,16,40,1760,'2024-02-15'),
(109,14,41,1198,'2024-04-23'),
(110,13,32,838,'2024-04-05'),
(111,1,49,1782,'2024-02-25'),
(112,14,15,380,'2024-09-15'),
(113,2,36,530,'2024-02-15'),
(114,5,30,1387,'2024-09-18'),
(115,20,21,1965,'2024-08-20'),
(116,17,28,1721,'2024-09-15'),
(117,6,48,1784,'2024-08-15'),
(118,9,49,526,'2024-05-25'),
(119,17,32,1303,'2024-04-09'),
(120,15,5,1481,'2024-05-08'),
(121,9,22,674,'2024-09-03'),
(122,5,10,493,'2024-07-23'),
(123,5,46,458,'2024-02-14'),
(124,14,22,1131,'2024-08-14'),
(125,2,14,1725,'2024-07-13'),
(126,19,45,60,'2024-07-16'),
(127,1,23,631,'2024-07-28'),
(128,14,35,1550,'2024-09-26'),
(129,20,15,1019,'2024-04-09'),
(130,14,32,79,'2024-07-11'),
(131,13,47,358,'2024-08-05'),
(132,20,35,75,'2024-07-19'),
(133,19,43,75,'2024-02-21'),
(134,14,9,1795,'2024-08-06'),
(135,2,17,796,'2024-06-07'),
(136,15,21,711,'2024-07-09'),
(137,14,17,1729,'2024-02-16'),
(138,1,48,1124,'2024-01-12'),
(139,8,42,160,'2024-01-25'),
(140,1,16,428,'2024-01-20'),
(141,5,16,278,'2024-08-22'),
(142,4,37,1961,'2024-04-15'),
(143,9,50,775,'2024-03-20'),
(144,20,48,1491,'2024-02-25'),
(145,6,20,241,'2024-01-10'),
(146,19,44,1879,'2024-07-13'),
(147,7,5,1232,'2024-04-04'),
(148,10,44,1249,'2024-02-26'),
(149,19,3,731,'2024-09-14'),
(150,12,5,1056,'2024-06-01'),
(151,14,32,236,'2024-07-12'),
(152,15,46,333,'2024-07-06'),
(153,17,42,573,'2024-09-25'),
(154,16,30,912,'2024-05-11'),
(155,8,6,591,'2024-08-08'),
(156,15,37,1269,'2024-07-11'),
(157,1,32,1762,'2024-06-06'),
(158,16,14,746,'2024-05-11'),
(159,9,39,1456,'2024-05-18'),
(160,1,34,1961,'2024-04-03'),
(161,8,47,852,'2024-08-18'),
(162,8,45,995,'2024-08-15'),
(163,1,6,622,'2024-04-13'),
(164,8,20,1379,'2024-06-16'),
(165,18,34,724,'2024-07-24'),
(166,18,22,740,'2024-08-09'),
(167,10,17,492,'2024-02-24'),
(168,7,21,264,'2024-09-25'),
(169,6,13,463,'2024-08-09'),
(170,19,49,1094,'2024-05-04'),
(171,7,19,485,'2024-06-06'),
(172,10,1,1470,'2024-09-05'),
(173,9,3,131,'2024-09-10'),
(174,5,41,1798,'2024-08-04'),
(175,1,37,602,'2024-08-16'),
(176,15,22,397,'2024-01-09'),
(177,16,8,1703,'2024-02-13'),
(178,16,5,1201,'2024-01-05'),
(179,5,37,1963,'2024-05-03'),
(180,8,8,1162,'2024-07-20'),
(181,20,40,482,'2024-09-13'),
(182,15,29,628,'2024-07-10'),
(183,19,40,143,'2024-02-25'),
(184,7,41,452,'2024-05-22'),
(185,3,11,511,'2024-03-18'),
(186,3,11,25,'2024-07-15'),
(187,20,31,616,'2024-01-08'),
(188,10,46,599,'2024-08-03'),
(189,8,17,1633,'2024-04-14'),
(190,4,35,480,'2024-03-09'),
(191,5,5,142,'2024-03-26'),
(192,10,39,1553,'2024-05-15'),
(193,4,30,1430,'2024-05-23'),
(194,13,18,1044,'2024-09-16'),
(195,15,6,1244,'2024-01-14'),
(196,11,39,532,'2024-01-03'),
(197,8,44,1732,'2024-01-25'),
(198,9,37,102,'2024-03-16'),
(199,17,42,925,'2024-05-06'),
(200,19,28,1320,'2024-08-03'),
(201,16,23,856,'2024-06-11'),
(202,4,11,695,'2024-07-23'),
(203,16,19,1376,'2024-07-27'),
(204,18,3,951,'2024-02-11'),
(205,9,21,257,'2024-07-28'),
(206,17,1,1366,'2024-09-15'),
(207,14,4,404,'2024-09-12'),
(208,20,49,1040,'2024-08-25'),
(209,2,14,566,'2024-09-05'),
(210,10,29,1823,'2024-08-04'),
(211,1,41,1266,'2024-04-23'),
(212,6,20,1148,'2024-01-18'),
(213,14,6,480,'2024-02-15'),
(214,4,42,1724,'2024-03-16'),
(215,10,33,1464,'2024-05-14'),
(216,16,31,519,'2024-08-18'),
(217,5,25,410,'2024-09-24'),
(218,5,5,585,'2024-07-11'),
(219,17,18,1700,'2024-01-10'),
(220,10,38,1207,'2024-08-28'),
(221,5,29,1123,'2024-08-12'),
(222,11,36,1582,'2024-09-13'),
(223,15,21,1800,'2024-04-23'),
(224,8,37,804,'2024-04-28'),
(225,14,3,671,'2024-08-23'),
(226,13,25,1379,'2024-03-16'),
(227,2,9,1048,'2024-06-28'),
(228,4,29,224,'2024-09-15'),
(229,1,47,315,'2024-07-28'),
(230,5,5,981,'2024-05-11'),
(231,20,45,834,'2024-02-28'),
(232,11,44,1779,'2024-09-13'),
(233,11,41,1491,'2024-08-28'),
(234,18,3,1284,'2024-02-08'),
(235,10,15,1549,'2024-02-14'),
(236,4,49,1317,'2024-02-15'),
(237,6,45,633,'2024-01-02'),
(238,11,4,620,'2024-06-12'),
(239,14,10,520,'2024-09-14'),
(240,19,44,1643,'2024-03-06'),
(241,6,6,1268,'2024-07-20'),
(242,8,32,1889,'2024-03-08'),
(243,15,41,540,'2024-08-09'),
(244,1,30,1865,'2024-05-22'),
(245,18,11,171,'2024-08-12'),
(246,19,20,1328,'2024-07-23'),
(247,9,30,1751,'2024-05-07'),
(248,13,31,238,'2024-04-13'),
(249,19,23,1197,'2024-05-23'),
(250,10,2,1719,'2024-07-09'),
(251,1,37,1791,'2024-01-20'),
(252,16,19,1608,'2024-04-20'),
(253,12,15,1323,'2024-04-20'),
(254,9,44,1567,'2024-03-21'),
(255,4,41,1343,'2024-01-10'),
(256,15,3,1206,'2024-06-24'),
(257,5,6,1882,'2024-05-11'),
(258,14,12,431,'2024-03-26'),
(259,18,24,1107,'2024-09-09'),
(260,6,17,1891,'2024-08-26'),
(261,10,48,1802,'2024-06-26'),
(262,4,30,1992,'2024-02-05'),
(263,8,44,1503,'2024-07-28'),
(264,18,24,204,'2024-07-01'),
(265,9,35,273,'2024-08-12'),
(266,9,38,800,'2024-06-04'),
(267,8,31,71,'2024-09-11'),
(268,20,15,1346,'2024-02-21'),
(269,15,45,638,'2024-07-04'),
(270,5,3,1957,'2024-01-10'),
(271,16,8,219,'2024-04-18'),
(272,5,25,949,'2024-06-22'),
(273,18,27,1222,'2024-03-14'),
(274,4,32,1280,'2024-07-09'),
(275,2,45,778,'2024-04-15'),
(276,15,16,1771,'2024-06-04'),
(277,12,35,1866,'2024-06-02'),
(278,13,18,408,'2024-02-28'),
(279,15,6,1377,'2024-04-21'),
(280,20,2,123,'2024-06-08'),
(281,5,37,440,'2024-02-27'),
(282,18,14,1220,'2024-04-27'),
(283,8,22,1605,'2024-03-26'),
(284,20,1,587,'2024-03-05'),
(285,18,17,1655,'2024-03-04'),
(286,1,9,50,'2024-06-26'),
(287,8,38,683,'2024-01-06'),
(288,9,4,279,'2024-07-17'),
(289,4,48,150,'2024-08-15'),
(290,12,33,1235,'2024-02-15'),
(291,17,15,1956,'2024-01-24'),
(292,17,20,958,'2024-01-02'),
(293,16,26,893,'2024-02-16'),
(294,15,5,1861,'2024-02-11'),
(295,20,10,154,'2024-03-09'),
(296,20,41,1218,'2024-09-23'),
(297,11,25,1243,'2024-09-10'),
(298,15,33,1259,'2024-07-04'),
(299,4,42,1353,'2024-09-24'),
(300,7,28,944,'2024-04-14');

INSERT INTO payments (payment_id,order_id,payment_date,amount,method) VALUES
(1,174,'2024-08-04',1798,'Credit Card'),
(2,233,'2024-08-28',1491,'PayPal'),
(3,205,'2024-07-28',257,'Bank Transfer'),
(4,213,'2024-02-15',480,'PayPal'),
(5,49,'2024-05-07',408,'PayPal'),
(6,161,'2024-08-18',852,'PayPal'),
(7,219,'2024-01-10',1700,'Credit Card'),
(8,131,'2024-08-05',358,'Credit Card'),
(9,192,'2024-05-15',1553,'Credit Card'),
(10,79,'2024-03-08',1554,'Bank Transfer'),
(11,243,'2024-08-09',540,'Bank Transfer'),
(12,35,'2024-08-07',590,'PayPal'),
(13,47,'2024-05-26',819,'Credit Card'),
(14,44,'2024-01-03',1127,'Credit Card'),
(15,48,'2024-09-22',886,'Bank Transfer'),
(16,222,'2024-09-13',1582,'Bank Transfer'),
(17,50,'2024-09-02',1526,'Credit Card'),
(18,191,'2024-03-26',142,'Credit Card'),
(19,67,'2024-05-20',577,'Bank Transfer'),
(20,285,'2024-03-04',1655,'Bank Transfer'),
(21,31,'2024-02-11',480,'Credit Card'),
(22,288,'2024-07-17',279,'PayPal'),
(23,169,'2024-08-09',463,'PayPal'),
(24,63,'2024-09-23',917,'PayPal'),
(25,211,'2024-04-23',1266,'PayPal'),
(26,182,'2024-07-10',628,'Credit Card'),
(27,217,'2024-09-24',410,'PayPal'),
(28,27,'2024-05-17',358,'PayPal'),
(29,148,'2024-02-26',1249,'Bank Transfer'),
(30,160,'2024-04-03',1961,'PayPal'),
(31,181,'2024-09-13',482,'Bank Transfer'),
(32,54,'2024-04-19',265,'Bank Transfer'),
(33,296,'2024-09-23',1218,'Credit Card'),
(34,260,'2024-08-26',1891,'Credit Card'),
(35,109,'2024-04-23',1198,'Credit Card'),
(36,80,'2024-07-01',1825,'Credit Card'),
(37,247,'2024-05-07',1751,'Bank Transfer'),
(38,115,'2024-08-20',1965,'Credit Card'),
(39,56,'2024-06-09',1090,'Bank Transfer'),
(40,180,'2024-07-20',1162,'Credit Card'),
(41,189,'2024-04-14',1633,'PayPal'),
(42,59,'2024-02-01',1936,'PayPal'),
(43,143,'2024-03-20',775,'Bank Transfer'),
(44,294,'2024-02-11',1861,'PayPal'),
(45,116,'2024-09-15',1721,'PayPal'),
(46,220,'2024-08-28',1207,'Bank Transfer'),
(47,286,'2024-06-26',50,'PayPal'),
(48,14,'2024-07-13',150,'PayPal'),
(49,137,'2024-02-16',1729,'PayPal'),
(50,15,'2024-05-18',1103,'Credit Card');

INSERT INTO shipments (shipment_id,order_id,shipped_date,delivery_date,carrier,status) VALUES
(1,225,'2024-08-23','2024-08-22','DHL','Delivered'),
(2,117,'2024-08-15','2024-06-05','FedEx','Pending'),
(3,54,'2024-04-19','2024-05-26','FedEx','Pending'),
(4,141,'2024-08-22','2024-02-10','FedEx','Returned'),
(5,114,'2024-09-18',NULL,'FedEx','Delivered'),
(6,291,'2024-01-24',NULL,'UPS','Returned'),
(7,199,'2024-05-06','2024-09-26','DHL','Pending'),
(8,240,'2024-03-06','2024-04-11','DHL','Returned'),
(9,16,'2024-02-22','2024-01-15','UPS','Delivered'),
(10,47,'2024-05-26','2024-02-17','DHL','Shipped'),
(11,226,'2024-03-16',NULL,'DHL','Returned'),
(12,105,'2024-06-03','2024-09-17','DHL','Shipped'),
(13,57,'2024-06-08','2024-05-13','FedEx','Delivered'),
(14,8,'2024-08-05','2024-01-26','DHL','Delivered'),
(15,210,'2024-08-04',NULL,'UPS','Returned'),
(16,9,'2024-09-18',NULL,'DHL','Shipped'),
(17,217,'2024-09-24','2024-03-12','FedEx','Returned'),
(18,141,'2024-08-22',NULL,'DHL','Pending'),
(19,262,'2024-02-05','2024-07-21','FedEx','Shipped'),
(20,297,'2024-09-10','2024-09-03','DHL','Returned'),
(21,36,'2024-08-08','2024-01-12','FedEx','Shipped'),
(22,123,'2024-02-14','2024-06-25','FedEx','Shipped'),
(23,210,'2024-08-04',NULL,'UPS','Shipped'),
(24,180,'2024-07-20',NULL,'UPS','Pending'),
(25,133,'2024-02-21','2024-03-20','FedEx','Shipped'),
(26,90,'2024-02-20',NULL,'DHL','Shipped'),
(27,246,'2024-07-23','2024-01-14','FedEx','Shipped'),
(28,236,'2024-02-15','2024-05-25','DHL','Returned'),
(29,213,'2024-02-15',NULL,'UPS','Delivered'),
(30,273,'2024-03-14','2024-08-27','UPS','Delivered'),
(31,63,'2024-09-23','2024-08-15','FedEx','Returned'),
(32,74,'2024-03-18','2024-07-06','UPS','Shipped'),
(33,107,'2024-01-08','2024-01-21','FedEx','Delivered'),
(34,44,'2024-01-03','2024-02-23','DHL','Pending'),
(35,147,'2024-04-04',NULL,'UPS','Delivered'),
(36,20,'2024-09-20','2024-09-05','FedEx','Pending'),
(37,171,'2024-06-06','2024-04-27','FedEx','Delivered'),
(38,80,'2024-07-01','2024-07-02','FedEx','Delivered'),
(39,21,'2024-03-18',NULL,'UPS','Delivered'),
(40,290,'2024-02-15',NULL,'FedEx','Pending'),
(41,140,'2024-01-20','2024-06-26','UPS','Shipped'),
(42,288,'2024-07-17',NULL,'FedEx','Shipped'),
(43,115,'2024-08-20','2024-08-15','DHL','Pending'),
(44,128,'2024-09-26','2024-01-09','UPS','Shipped'),
(45,118,'2024-05-25','2024-09-14','UPS','Delivered'),
(46,22,'2024-06-16',NULL,'UPS','Pending'),
(47,33,'2024-01-08',NULL,'DHL','Returned'),
(48,176,'2024-01-09',NULL,'FedEx','Pending'),
(49,172,'2024-09-05','2024-04-23','UPS','Delivered'),
(50,71,'2024-06-25','2024-06-08','DHL','Returned'),
(51,91,'2024-06-14',NULL,'DHL','Pending'),
(52,148,'2024-02-26','2024-06-03','DHL','Pending'),
(53,109,'2024-04-23','2024-08-02','DHL','Returned'),
(54,250,'2024-07-09','2024-05-24','UPS','Delivered'),
(55,111,'2024-02-25','2024-06-08','DHL','Pending'),
(56,237,'2024-01-02','2024-06-05','UPS','Delivered'),
(57,81,'2024-06-26','2024-03-27','DHL','Returned'),
(58,106,'2024-04-26','2024-08-21','UPS','Shipped'),
(59,18,'2024-08-01',NULL,'FedEx','Pending'),
(60,48,'2024-09-22',NULL,'UPS','Shipped'),
(61,227,'2024-06-28','2024-06-10','DHL','Returned'),
(62,42,'2024-08-08','2024-09-16','FedEx','Pending'),
(63,173,'2024-09-10','2024-04-10','FedEx','Pending'),
(64,79,'2024-03-08','2024-06-09','UPS','Delivered'),
(65,223,'2024-04-23','2024-07-24','FedEx','Returned'),
(66,244,'2024-05-22','2024-03-16','DHL','Returned'),
(67,199,'2024-05-06','2024-09-09','UPS','Returned'),
(68,58,'2024-05-15',NULL,'DHL','Shipped'),
(69,60,'2024-02-03','2024-06-04','UPS','Delivered'),
(70,152,'2024-07-06','2024-05-15','DHL','Returned'),
(71,242,'2024-03-08',NULL,'FedEx','Delivered'),
(72,106,'2024-04-26','2024-06-20','FedEx','Delivered'),
(73,150,'2024-06-01','2024-01-03','DHL','Returned'),
(74,263,'2024-07-28','2024-03-01','UPS','Returned'),
(75,203,'2024-07-27',NULL,'UPS','Shipped'),
(76,178,'2024-01-05','2024-06-12','FedEx','Pending'),
(77,157,'2024-06-06','2024-08-12','FedEx','Returned'),
(78,78,'2024-09-28','2024-03-17','FedEx','Returned'),
(79,182,'2024-07-10','2024-05-08','UPS','Pending'),
(80,206,'2024-09-15','2024-08-17','FedEx','Pending');