emp_id,first_name,last_name,age,degree,gender,country,department,hire_date,salary
1,Camila,Rogers,53,PHD,FEMALE,CHINA,Engineering,2022-02-16,84203
2,Owen,Walker,58,MSIS,MALE,CANADA,Engineering,2021-08-03,71884
3,Thomas,Phillips,74,MBA,MALE,INDIA,Finance,2021-10-07,141674
4,Noah,Stewart,51,BS,MALE,ITALY,Marketing,2020-05-03,120808
5,Leo,Lewis,55,MBA,MALE,FRANCE,Engineering,2020-12-14,119943
6,Parker,Moore,44,PHD,MALE,FRANCE,Engineering,2022-07-29,127224
7,Hazel,Johnson,22,MSIS,MALE,INDIA,IT,2023-04-06,110661
8,Isabella,Johnson,72,MBA,MALE,ITALY,Finance,2020-08-02,121602
9,Avery,Mitchell,43,MS,MALE,FRANCE,Engineering,2023-06-28,103592
10,Noah,Clark,66,PHD,MALE,ITALY,Business,2020-02-14,67850
11,Charlotte,Phillips,49,BS,MALE,CHINA,Engineering,2021-06-20,114949
12,Nolan,Harris,25,MS,MALE,USA,IT,2023-05-30,62573
13,Sebastian,Lopez,43,PHD,MALE,USA,Finance,2022-05-23,117873
14,Victoria,Smith,67,MSIS,FEMALE,INDIA,HR,2021-01-04,87359
15,Evan,Green,33,BS,FEMALE,GERMANY,Business,2021-06-05,136974
16,Joseph,Stewart,54,BS,FEMALE,MEXICO,Business,2023-06-27,89934
17,Ian,Thomas,64,BS,MALE,INDIA,Marketing,2020-11-17,115241
18,Sophia,Miller,24,BS,FEMALE,ITALY,Business,2024-05-23,93683
19,Gianna,Collins,75,MSIS,FEMALE,MEXICO,Finance,2020-10-08,76567
20,Aria,Walker,53,MBA,MALE,FRANCE,IT,2022-04-15,158170
21,Emma,Jones,35,MS,MALE,USA,HR,2023-02-28,108337
22,Luke,Torres,26,BS,MALE,CHINA,Finance,2025-11-07,136603
23,Elijah,Nguyen,20,PHD,FEMALE,GERMANY,Business,2020-05-17,62786
24,Dylan,Green,22,MS,FEMALE,GERMANY,IT,2020-10-23,69864
25,Camila,Wright,41,MBA,MALE,GERMANY,Engineering,2025-04-22,70180
26,Gianna,Turner,19,PHD,MALE,INDIA,Engineering,2020-02-20,139805
27,Logan,Garcia,23,MSIS,FEMALE,INDIA,Business,2024-05-10,156342
28,Clara,Nguyen,47,MS,MALE,USA,Engineering,2020-12-25,123039
29,Emma,Anderson,62,BS,FEMALE,FRANCE,Marketing,2024-02-16,99456
30,Abigail,Nelson,57,BS,MALE,GERMANY,Business,2024-12-15,125314
31,Sofia,Lee,43,MBA,MALE,INDIA,Marketing,2022-03-31,88074
32,Caleb,Anderson,55,PHD,MALE,MEXICO,IT,2023-12-07,65317
33,Faith,Jones,78,PHD,MALE,CANADA,Engineering,2023-02-01,88059
34,Eli,Harris,58,MS,FEMALE,CHINA,Engineering,2020-05-08,96454
35,Gavin,Williams,61,MBA,FEMALE,FRANCE,Business,2020-03-19,144015
36,Elijah,Sanchez,47,BS,FEMALE,ITALY,Marketing,2020-07-11,142467
37,Harper,Lewis,24,MSIS,FEMALE,CANADA,Business,2022-03-27,122277
38,Zoe,Lopez,63,BS,FEMALE,USA,IT,2023-01-20,105316
39,Isaac,Carter,78,MS,MALE,INDIA,Marketing,2022-07-06,71430
40,Eli,Cook,64,MS,FEMALE,CHINA,IT,2020-01-28,109388
41,Nathan,Torres,59,PHD,FEMALE,CHINA,Engineering,2022-04-19,72971
42,Gemma,Rogers,70,MBA,MALE,ITALY,IT,2024-05-17,71513
43,Violet,Wright,68,PHD,FEMALE,USA,Engineering,2020-12-05,64867
44,Julian,Perez,53,MS,FEMALE,CHINA,Finance,2022-06-13,68396
45,Mateo,Phillips,20,BS,FEMALE,MEXICO,Engineering,2025-10-16,154839
46,John,Stewart,61,MBA,FEMALE,CANADA,Marketing,2024-12-04,129030
47,Hunter,Jackson,71,MBA,MALE,FRANCE,Engineering,2024-04-10,139879
48,Sebastian,Martin,72,BS,FEMALE,CHINA,IT,2021-04-13,125952
49,Ava,Hill,42,BS,MALE,INDIA,Engineering,2021-05-14,124361
50,Mia,Carter,28,BS,FEMALE,INDIA,Finance,2024-07-13,95286
51,Nora,Walker,49,BS,FEMALE,CHINA,Engineering,2021-03-20,85093
52,Gianna,Flores,19,PHD,MALE,USA,HR,2021-09-29,89787
53,Noah,Nelson,36,MS,FEMALE,ITALY,Business,2021-03-05,125493
54,Hope,Nguyen,25,PHD,FEMALE,ITALY,Business,2024-11-24,63047
55,Avery,Green,44,MBA,MALE,ITALY,Marketing,2025-12-27,143685
56,Emily,King,31,PHD,MALE,ITALY,Finance,2023-11-24,83741
57,Stella,Hill,38,PHD,MALE,ITALY,Marketing,2022-03-07,72695
58,Elijah,Reed,33,BS,MALE,FRANCE,Engineering,2024-11-15,115263
59,Isaac,Turner,63,BS,FEMALE,USA,HR,2024-01-04,107359
60,Harper,Mitchell,50,MSIS,FEMALE,ITALY,Marketing,2025-05-28,73916
61,Liam,Williams,66,MSIS,FEMALE,MEXICO,IT,2021-04-15,86727
62,Henry,Stewart,28,PHD,MALE,USA,IT,2025-03-07,70171
63,Lana,Miller,38,MS,FEMALE,GERMANY,Engineering,2024-03-08,61736
64,Landon,Carter,20,MBA,MALE,INDIA,Engineering,2024-02-25,113123
65,Chloe,Hill,28,BS,MALE,GERMANY,Marketing,2024-07-14,134669
66,Dylan,Gonzalez,50,MSIS,FEMALE,FRANCE,IT,2021-04-21,157574
67,Jade,Edwards,28,MBA,FEMALE,MEXICO,Marketing,2024-02-23,116576
68,Lana,Lopez,43,BS,MALE,CANADA,Marketing,2023-05-20,121451
69,Amelia,Smith,74,MS,MALE,ITALY,IT,2023-05-09,104278
70,Emily,Baker,43,MSIS,MALE,INDIA,Engineering,2025-07-31,144182
71,Emily,Carter,25,MBA,MALE,CANADA,Business,2022-08-28,93637
72,Julian,Sanchez,50,BS,MALE,INDIA,HR,2022-11-25,92884
73,Lily,Cook,39,MSIS,FEMALE,CANADA,Business,2020-11-08,132013
74,Dylan,Baker,66,PHD,FEMALE,MEXICO,Engineering,2021-11-23,124948
75,Isaac,Flores,56,BS,FEMALE,INDIA,IT,2024-06-20,138359
76,Violet,White,51,BS,FEMALE,FRANCE,Business,2023-04-27,63520
77,Noah,Edwards,33,MSIS,MALE,INDIA,Marketing,2024-05-16,66919
78,Stella,Parker,43,BS,FEMALE,CANADA,Marketing,2022-07-05,116297
79,Gemma,Walker,34,PHD,MALE,USA,Engineering,2025-04-02,78922
80,Nora,Hill,63,BS,FEMALE,CHINA,IT,2020-08-01,106752
81,Luke,Martinez,25,MS,MALE,INDIA,Engineering,2022-12-09,143832
82,Evan,Nelson,44,MS,MALE,FRANCE,Business,2022-09-03,123059
83,Harper,Allen,75,MS,FEMALE,FRANCE,IT,2022-02-17,142981
84,Lily,Evans,33,BS,MALE,ITALY,Marketing,2020-06-10,142366
85,Mason,Smith,35,BS,MALE,USA,IT,2023-02-13,69501
86,Kira,Garcia,76,MBA,MALE,GERMANY,Engineering,2023-12-21,87608
87,Grace,Perez,49,MBA,MALE,CANADA,Engineering,2022-05-23,118240
88,Mateo,Parker,34,MS,MALE,GERMANY,IT,2023-08-25,98126
89,Nathan,Evans,65,MBA,MALE,INDIA,Business,2021-02-01,120557
90,Leo,Garcia,52,BS,FEMALE,CHINA,IT,2020-02-08,69971
91,Violet,Wilson,76,MBA,MALE,FRANCE,Engineering,2023-09-05,97082
92,Abigail,Anderson,40,MBA,FEMALE,GERMANY,Finance,2023-08-13,152966
93,Julian,Torres,56,PHD,FEMALE,CHINA,Engineering,2023-06-02,120067
94,Stella,Anderson,43,PHD,MALE,CANADA,Engineering,2024-02-06,63161
95,Elena,Nelson,43,MSIS,MALE,GERMANY,Marketing,2021-09-26,137482
96,Aaron,Lopez,29,BS,FEMALE,FRANCE,Marketing,2022-06-25,127586
97,Mason,Wright,28,MSIS,MALE,INDIA,HR,2023-06-05,131493
98,Lucas,Perez,23,BS,MALE,GERMANY,HR,2021-08-12,72772
99,Jade,Collins,59,MS,MALE,CHINA,Marketing,2025-11-06,104324
100,Lana,Robinson,43,MS,FEMALE,MEXICO,Engineering,2020-10-23,152817
101,Jason,Morgan,20,MS,FEMALE,USA,Marketing,2020-12-31,120903
102,Isaac,Green,19,MS,MALE,CANADA,Engineering,2024-09-18,79161
103,Nora,Parker,28,PHD,FEMALE,MEXICO,Engineering,2024-05-13,115698
104,Luke,Jackson,35,PHD,MALE,CHINA,Engineering,2021-04-15,99780
105,Nolan,Martinez,67,PHD,MALE,CHINA,HR,2025-05-24,64767
106,Stella,Miller,30,BS,MALE,ITALY,Business,2025-04-16,137959
107,Owen,Anderson,46,BS,FEMALE,INDIA,IT,2023-06-30,142150
108,Nathan,Collins,53,MS,FEMALE,CHINA,Marketing,2023-11-02,146540
109,Nathan,Edwards,23,MS,MALE,INDIA,HR,2021-07-04,110459
110,Luke,Turner,51,MBA,MALE,ITALY,Marketing,2025-04-19,108701
111,Camila,Turner,33,MBA,MALE,INDIA,IT,2023-08-11,78971
112,Victoria,Morgan,73,MBA,MALE,FRANCE,Engineering,2020-08-04,79746
113,Charles,Edwards,29,BS,MALE,MEXICO,HR,2023-01-10,140591
114,Faith,King,24,PHD,FEMALE,CANADA,Finance,2025-09-03,99792
115,Emma,Turner,30,MS,MALE,CHINA,IT,2024-08-19,128900
116,David,Hernandez,78,MBA,FEMALE,GERMANY,Engineering,2020-11-07,132927
117,Violet,Robinson,60,MBA,FEMALE,CANADA,Business,2021-03-09,147511
118,Mila,Nelson,47,MBA,MALE,CHINA,HR,2024-03-24,153291
119,Elsa,Walker,33,BS,MALE,CHINA,Marketing,2022-04-26,140749
120,Alexander,Jackson,58,MS,FEMALE,GERMANY,Marketing,2020-12-22,93612
121,Chloe,Gonzalez,42,MBA,FEMALE,FRANCE,Finance,2025-04-08,154868
122,Landon,Perez,46,MBA,MALE,CANADA,IT,2021-01-21,77228
123,Adam,Green,63,BS,MALE,INDIA,HR,2025-03-12,137691
124,Elsa,Garcia,24,BS,MALE,CANADA,Engineering,2020-10-24,104781
125,Mateo,Allen,26,MSIS,MALE,INDIA,Engineering,2024-08-15,141661
126,Noah,Campbell,43,MSIS,FEMALE,ITALY,Business,2025-12-10,62430
127,Victoria,Perez,30,MS,FEMALE,CANADA,Engineering,2022-04-19,126763
128,Wyatt,Turner,36,MBA,MALE,FRANCE,Marketing,2023-05-07,131860
129,Aria,Thompson,57,MS,MALE,ITALY,Finance,2025-10-14,153767
130,Elsa,Stewart,77,BS,MALE,ITALY,Marketing,2021-07-12,92060
131,Joseph,Torres,44,MBA,FEMALE,CANADA,Finance,2024-01-19,94887
132,Charlotte,Reed,25,MS,MALE,ITALY,Finance,2020-09-17,133445
133,Victoria,Hernandez,76,MBA,FEMALE,MEXICO,IT,2020-01-16,97824
134,Brooke,Cook,41,BS,FEMALE,MEXICO,IT,2020-11-08,119552
135,Olivia,Sanchez,29,MBA,MALE,FRANCE,Marketing,2024-04-12,140638
136,Christian,Green,69,MBA,MALE,ITALY,Engineering,2020-05-15,78741
137,Luke,Harris,25,MSIS,MALE,GERMANY,Engineering,2022-12-15,91998
138,Aaron,Perez,21,MSIS,MALE,MEXICO,Engineering,2025-07-30,138655
139,James,Walker,40,MS,FEMALE,FRANCE,Engineering,2025-03-13,150476
140,Eli,Collins,45,BS,MALE,GERMANY,Engineering,2024-11-05,115096
141,Liam,Lee,76,BS,FEMALE,INDIA,Engineering,2023-06-02,137783
142,Isabella,Thomas,25,MBA,MALE,INDIA,Finance,2025-05-02,151082
143,James,King,76,BS,FEMALE,INDIA,Finance,2020-10-07,155787
144,Tyler,White,73,MS,MALE,ITALY,Business,2024-09-22,134292
145,Benjamin,Cook,22,BS,MALE,CANADA,Marketing,2025-01-30,60075
146,Lillian,Thomas,64,BS,FEMALE,MEXICO,HR,2025-01-17,129528
147,Mila,Martinez,40,MBA,MALE,USA,Engineering,2025-02-06,101128
148,Violet,Lee,49,BS,FEMALE,ITALY,IT,2020-08-29,85625
149,Stella,Stewart,72,MS,FEMALE,USA,IT,2022-04-07,129874
150,Kevin,Thomas,30,PHD,MALE,CANADA,Engineering,2023-07-05,95899
151,Gianna,Mitchell,74,BS,FEMALE,INDIA,HR,2022-07-03,100260
152,Benjamin,Mitchell,62,BS,MALE,ITALY,Engineering,2023-04-25,95821
153,Miles,Phillips,60,MS,MALE,ITALY,Finance,2022-01-09,147429
154,Hannah,Moore,26,MSIS,MALE,CHINA,Finance,2024-12-08,129245
155,Logan,King,76,BS,FEMALE,FRANCE,Engineering,2020-12-23,81563
156,Hazel,Evans,30,BS,FEMALE,USA,IT,2021-09-09,64405
157,Jason,Robinson,76,MBA,FEMALE,USA,Finance,2025-08-09,67892
158,Daniel,Jones,53,MBA,FEMALE,GERMANY,Business,2020-05-10,127729
159,Lillian,Allen,70,MBA,MALE,MEXICO,IT,2024-11-19,90847
160,Tyler,Lewis,53,MBA,MALE,FRANCE,Engineering,2022-06-25,136033
161,Gavin,Young,34,BS,MALE,CHINA,Marketing,2022-01-07,102605
162,Alexander,Hill,19,MSIS,FEMALE,CHINA,Business,2020-05-06,69507
163,Harper,Morgan,29,MSIS,MALE,MEXICO,HR,2024-10-08,65546
164,Daisy,Lee,70,MSIS,FEMALE,CHINA,HR,2025-09-22,82491
165,Avery,Taylor,33,BS,FEMALE,USA,Engineering,2025-03-27,107765
166,Daisy,Wilson,63,PHD,MALE,MEXICO,Engineering,2021-07-05,78950
167,Jade,Robinson,51,MBA,MALE,USA,IT,2025-11-22,78552
168,Mia,Sanchez,53,BS,FEMALE,CANADA,Finance,2022-07-30,98758
169,Zoe,Davis,53,PHD,FEMALE,CHINA,HR,2022-07-19,107710
170,Violet,Perez,78,PHD,MALE,USA,IT,2020-08-27,156656
171,Grace,Torres,62,PHD,MALE,CHINA,Marketing,2022-05-23,109955
172,Avery,Turner,21,BS,FEMALE,ITALY,IT,2021-11-02,122939
173,Sebastian,Sanchez,31,MSIS,FEMALE,CHINA,Engineering,2022-01-13,123845
174,Sebastian,Wright,42,MS,MALE,FRANCE,Engineering,2023-01-29,141391
175,Emma,King,29,MBA,FEMALE,ITALY,IT,2024-01-19,67503
176,Alexander,Campbell,77,MBA,MALE,ITALY,Business,2021-05-03,62673
177,Leo,Stewart,42,MS,FEMALE,GERMANY,IT,2025-10-28,147716
178,Mason,Martin,43,MSIS,FEMALE,USA,IT,2025-10-05,138039
179,Evelyn,Williams,31,MS,FEMALE,CHINA,Engineering,2021-07-11,127759
180,Elsa,Scott,34,MS,FEMALE,INDIA,IT,2022-04-18,96745
181,Thomas,Mitchell,46,MS,FEMALE,GERMANY,IT,2023-04-11,108557
182,Layla,Flores,31,BS,MALE,CHINA,Engineering,2023-05-05,146562
183,Tyler,Jones,76,PHD,FEMALE,CANADA,Finance,2024-03-12,90749
184,Quinn,Green,34,BS,FEMALE,CANADA,Engineering,2020-09-03,124213
185,Caleb,Perez,36,MS,FEMALE,ITALY,IT,2024-07-06,86465
186,Eleanor,Edwards,28,MS,MALE,CANADA,Business,2024-09-25,79764
187,Joseph,Nguyen,34,MBA,FEMALE,USA,Finance,2021-05-07,107748
188,Isabella,Morgan,43,BS,FEMALE,CHINA,Marketing,2023-05-13,121464
189,Gemma,Lee,74,BS,MALE,USA,Engineering,2024-03-08,134149
190,Aurora,Taylor,70,MBA,MALE,CHINA,Engineering,2023-10-30,107530
191,Liam,Torres,63,PHD,MALE,USA,Business,2024-08-10,140322
192,Gianna,Jones,35,BS,FEMALE,CHINA,Engineering,2024-04-25,64998
193,Elijah,Nelson,50,BS,FEMALE,GERMANY,Engineering,2020-03-27,79641
194,Gavin,Gonzalez,35,BS,MALE,ITALY,Engineering,2024-06-01,60458
195,Sofia,Scott,49,MBA,MALE,GERMANY,IT,2021-03-01,62538
196,Stella,Phillips,63,BS,FEMALE,MEXICO,Finance,2021-10-21,80901
197,Wyatt,Flores,62,MS,FEMALE,GERMANY,Engineering,2024-02-11,158168
198,Tyler,Wright,49,BS,MALE,GERMANY,Engineering,2021-12-29,127337
199,Ivy,Rodriguez,74,BS,MALE,CANADA,Marketing,2023-06-24,74781
200,Camila,Allen,67,MBA,MALE,MEXICO,Business,2024-08-17,123172
