customer_id,name,country,gender,age
1,Stella Davis,USA,FEMALE,33
2,Harper Rodriguez,USA,MALE,55
3,Emily Williams,USA,MALE,31
4,Harper Allen,SPAIN,MALE,53
5,Amelia Mitchell,SPAIN,FEMALE,32
6,Hannah Nguyen,MEXICO,MALE,66
7,Scarlett Hernandez,FRANCE,FEMALE,35
8,Logan Wilson,MEXICO,MALE,23
9,Chloe Miller,MEXICO,FEMALE,56
10,Evelyn Phillips,USA,FEMALE,52
11,Mason Harris,USA,FEMALE,71
12,Stella Flores,MEXICO,MALE,63
13,Olivia Williams,CANADA,FEMALE,23
14,Mateo Anderson,USA,FEMALE,35
15,Aria Green,MEXICO,MALE,41
16,Henry Wilson,MEXICO,MALE,56
17,Stella Hernandez,SPAIN,MALE,28
18,Aria Harris,MEXICO,MALE,61
19,Michael Edwards,USA,MALE,70
20,Emma Phillips,MEXICO,FEMALE,35
21,Olivia Wilson,SPAIN,FEMALE,31
22,Leo Young,FRANCE,FEMALE,27
23,Evelyn Rodriguez,CANADA,FEMALE,65
24,Lillian Ramirez,SPAIN,FEMALE,41
25,Harper Rodriguez,SPAIN,FEMALE,23
26,Avery Brown,USA,MALE,58
27,Lucas Turner,FRANCE,MALE,42
28,Chloe Hill,FRANCE,FEMALE,53
29,Penelope Smith,USA,FEMALE,67
30,Leo Perez,USA,FEMALE,45
31,Lucas Robinson,USA,FEMALE,50
32,Avery Lopez,SPAIN,MALE,73
33,Stella Martin,SPAIN,MALE,27
34,Daniel Evans,CANADA,MALE,56
35,Michael Young,USA,MALE,41
36,Julian Phillips,MEXICO,MALE,21
37,Benjamin Torres,USA,MALE,64
38,Nora Jones,SPAIN,MALE,26
39,Wyatt Walker,SPAIN,MALE,34
40,Victoria Hill,FRANCE,MALE,52
41,Avery Campbell,CANADA,FEMALE,43
42,Wyatt Adams,MEXICO,FEMALE,75
43,Victoria Lewis,USA,MALE,32
44,Olivia Perez,USA,MALE,55
45,Harper Smith,USA,MALE,32
46,Olivia Williams,MEXICO,MALE,50
47,Benjamin Moore,FRANCE,MALE,52
48,Isabella Campbell,SPAIN,FEMALE,33
49,Mila Walker,FRANCE,MALE,24
50,Sophia Baker,FRANCE,FEMALE,45
51,Sebastian Robinson,USA,MALE,21
52,Jack Campbell,MEXICO,MALE,33
53,Amelia Gonzalez,SPAIN,FEMALE,26
54,Emily Lopez,MEXICO,FEMALE,33
