product_id,product_name,category
1,Electronics Item 1,Electronics
2,Grocery Item 2,Grocery
3,Office Item 3,Office
4,Electronics Item 4,Electronics
5,Books Item 5,Books
6,Office Item 6,Office
7,Books Item 7,Books
8,Electronics Item 8,Electronics
9,Home Item 9,Home
10,Clothing Item 10,Clothing
11,Beauty Item 11,Beauty
12,Grocery Item 12,Grocery
13,Grocery Item 13,Grocery
14,Home Item 14,Home
15,Beauty Item 15,Beauty
16,Books Item 16,Books
17,Clothing Item 17,Clothing
18,Beauty Item 18,Beauty
19,Books Item 19,Books
20,Beauty Item 20,Beauty
21,Sports Item 21,Sports
22,Grocery Item 22,Grocery
23,Sports Item 23,Sports
24,Beauty Item 24,Beauty
25,Office Item 25,Office
26,Grocery Item 26,Grocery
27,Clothing Item 27,Clothing
28,Home Item 28,Home
29,Sports Item 29,Sports
30,Home Item 30,Home
31,Books Item 31,Books
32,Garden Item 32,Garden
33,Office Item 33,Office
34,Books Item 34,Books
35,Toys Item 35,Toys
36,Books Item 36,Books
37,Books Item 37,Books
38,Garden Item 38,Garden
39,Grocery Item 39,Grocery
40,Office Item 40,Office
41,Office Item 41,Office
42,Clothing Item 42,Clothing
43,Books Item 43,Books
44,Office Item 44,Office
45,Electronics Item 45,Electronics
46,Clothing Item 46,Clothing
47,Electronics Item 47,Electronics
48,Garden Item 48,Garden
49,Electronics Item 49,Electronics
50,Home Item 50,Home
51,Beauty Item 51,Beauty
52,Electronics Item 52,Electronics
53,Garden Item 53,Garden
54,Home Item 54,Home
55,Garden Item 55,Garden
56,Garden Item 56,Garden
57,Books Item 57,Books
58,Garden Item 58,Garden
59,Electronics Item 59,Electronics
60,Beauty Item 60,Beauty
61,Garden Item 61,Garden
62,Garden Item 62,Garden
63,Office Item 63,Office
64,Toys Item 64,Toys
65,Sports Item 65,Sports
66,Home Item 66,Home
67,Toys Item 67,Toys
68,Home Item 68,Home
69,Sports Item 69,Sports
70,Beauty Item 70,Beauty
71,Clothing Item 71,Clothing
72,Sports Item 72,Sports
73,Grocery Item 73,Grocery
74,Toys Item 74,Toys
75,Electronics Item 75,Electronics
76,Books Item 76,Books
77,Grocery Item 77,Grocery
78,Garden Item 78,Garden
79,Garden Item 79,Garden
80,Electronics Item 80,Electronics
81,Electronics Item 81,Electronics
82,Office Item 82,Office
83,Home Item 83,Home
84,Office Item 84,Office
85,Sports Item 85,Sports
86,Clothing Item 86,Clothing
87,Toys Item 87,Toys
88,Electronics Item 88,Electronics
89,Home Item 89,Home
90,Toys Item 90,Toys
91,Sports Item 91,Sports
92,Clothing Item 92,Clothing
93,Grocery Item 93,Grocery
94,Office Item 94,Office
95,Sports Item 95,Sports
96,Garden Item 96,Garden
97,Office Item 97,Office
98,Books Item 98,Books
99,Office Item 99,Office
100,Sports Item 100,Sports
101,Electronics Item 101,Electronics
102,Clothing Item 102,Clothing
103,Sports Item 103,Sports
104,Electronics Item 104,Electronics
105,Electronics Item 105,Electronics
