book_id,ISBN,title,author,category,published_date
1,9780000000001,Secrets of Istanbul,Rowan Porter,Science,1993-02-19
2,9780000000002,Secrets of Berlin,Riley Keller,Mystery,1988-10-27
3,9780000000003,Rivers of Lisbon,Mason Nolan,Science,2011-08-13
4,9780000000004,City of Madrid,Harper Slater,Biography,2005-05-24
5,9780000000005,Voices of Cairo,Sawyer Porter,Mystery,1987-06-01
6,9780000000006,Streets of Dublin,Sage Porter,Non-fiction,1992-12-01
7,9780000000007,Echoes of Lisbon,Sawyer Hayes,Fantasy,2004-10-03
8,9780000000008,Windows on Cairo,Dakota Keller,Fiction,1997-02-02
9,9780000000009,Echoes of Berlin,Quinn Keller,Fantasy,2012-06-07
10,9780000000010,Windows on Cairo,Harper Porter,Business,2015-04-24
11,9780000000011,Secrets of New York,Riley Quincy,Biography,2019-03-21
12,9780000000012,Echoes of Barcelona,Harper Bennett,History,2010-07-11
13,9780000000013,Echoes of Toronto,Rowan Keller,Fantasy,2021-04-10
14,9780000000014,Markets of Sydney,Mason Cole,History,1984-04-17
15,9780000000015,Markets of Rome,Skylar Mercer,Biography,2007-03-18
16,9780000000016,Light of Rome,Mason Cole,Mystery,2015-02-11
17,9780000000017,Maps to Seoul,Rowan Griffin,Fiction,2006-07-14
18,9780000000018,Rivers of Edinburgh,Eden Keller,Mystery,1983-08-09
19,9780000000019,Stories of Seoul,Avery Griffin,Non-fiction,1997-04-13
20,9780000000020,Paths through Istanbul,Eden Lawson,Fiction,1988-01-14
21,9780000000021,Markets of Barcelona,Harper Hayes,Fantasy,2013-08-15
22,9780000000022,Maps to Tokyo,Quinn Bennett,History,2013-11-04
23,9780000000023,Bridges of Paris,Parker Carter,Fiction,1988-04-19
24,9780000000024,Tales from Toronto,Avery Keller,Business,2020-07-23
25,9780000000025,Midnight in Tokyo,Mason Lawson,Business,2017-04-13
26,9780000000026,Letters from Rome,Dakota Blake,Fiction,2014-05-15
27,9780000000027,Letters from Dublin,Hayden Jensen,Biography,2013-04-18
28,9780000000028,Maps to London,Eden Lawson,Fiction,1981-04-16
29,9780000000029,Skylines of Paris,Rowan Jensen,Fantasy,2003-04-16
30,9780000000030,Tales from Dublin,Riley Quincy,Mystery,2023-07-07
31,9780000000031,City of Toronto,Riley Hayes,Science,2011-04-10
32,9780000000032,Light of Rome,Skylar Jensen,Travel,1998-02-20
33,9780000000033,Markets of Madrid,Quinn Slater,Fantasy,2022-01-20
34,9780000000034,Voices of Sydney,Harper Griffin,Fiction,2018-03-14
35,9780000000035,Tales from New York,Avery Porter,Biography,2000-12-04
36,9780000000036,Secrets of Madrid,Sawyer Griffin,History,2021-09-24
37,9780000000037,Bridges of New York,Rowan Porter,Mystery,2001-08-06
38,9780000000038,Midnight in London,Mason Keller,Non-fiction,2002-07-04
39,9780000000039,Gardens of Edinburgh,Eden Nolan,Travel,2007-02-02
40,9780000000040,Markets of Edinburgh,Sawyer Reid,Science,2000-06-24
41,9780000000041,Markets of London,Hayden Quincy,Science,2020-07-02
42,9780000000042,Paths through New York,Skylar Hayes,Fiction,1996-04-24
43,9780000000043,Secrets of Dublin,Sawyer Keller,Mystery,2019-01-09
44,9780000000044,Streets of Lisbon,Rowan Blake,Children,2020-02-01
45,9780000000045,Maps to Tokyo,Skylar Reid,Fantasy,1996-07-27
46,9780000000046,Markets of Berlin,Skylar Cole,Fiction,1999-12-25
47,9780000000047,Voices of Rome,Sawyer Mercer,Biography,2003-10-03
48,9780000000048,Rivers of Edinburgh,Eden Cole,Science,2006-02-21
49,9780000000049,Tales from Barcelona,Parker Mercer,History,2007-02-03
50,9780000000050,Letters from Paris,Quinn Rhodes,Fantasy,2011-12-15
51,9780000000051,Shadows over Rome,Avery Quincy,Biography,2019-11-08
52,9780000000052,Gardens of Tokyo,Dakota Lawson,Travel,1997-10-09
53,9780000000053,Windows on Lisbon,Riley Keller,Science,2008-04-06
54,9780000000054,Maps to Rome,Avery Lawson,Children,1992-06-03
55,9780000000055,Paths through Lisbon,Quinn Jensen,Non-fiction,2021-08-02
56,9780000000056,Midnight in London,Skylar Jensen,Biography,2003-01-10
57,9780000000057,Maps to Tokyo,Harper Griffin,Children,2017-04-03
58,9780000000058,Windows on Madrid,Skylar Keller,Fiction,1986-11-20
59,9780000000059,Dreams of Seoul,Quinn Carter,Mystery,2001-03-02
60,9780000000060,Light of Lisbon,Harper Griffin,Fiction,2000-07-22
61,9780000000061,Windows on Madrid,Reese Lawson,Non-fiction,1993-01-26
62,9780000000062,Markets of Barcelona,Mason Quincy,Non-fiction,2005-11-18
63,9780000000063,Voices of Paris,Hayden Cole,Fantasy,2024-05-14
64,9780000000064,Echoes of Toronto,Eden Carter,Travel,2016-06-14
65,9780000000065,Skylines of London,Sage Nolan,Science,2005-12-13
66,9780000000066,Light of London,Eden Cole,Fantasy,1987-02-13
67,9780000000067,Stories of Seoul,Skylar Cole,History,1980-01-18
68,9780000000068,Voices of Sydney,Mason Nolan,Business,1990-03-12
69,9780000000069,Echoes of Madrid,Parker Cole,Non-fiction,1986-07-16
70,9780000000070,Light of Toronto,Avery Carter,Biography,2000-01-20
71,9780000000071,Paths through Paris,Riley Cole,Science,2019-07-20
72,9780000000072,Light of Barcelona,Avery Griffin,Fiction,2005-09-06
73,9780000000073,Paths through Seoul,Mason Bennett,Science,1992-01-18
74,9780000000074,Tales from Dublin,Mason Porter,Children,2009-09-28
75,9780000000075,Echoes of Cairo,Rowan Jensen,Fantasy,2004-11-12
76,9780000000076,Bridges of Istanbul,Avery Blake,Fiction,2019-08-15
77,9780000000077,Maps to Istanbul,Dakota Reid,History,2010-07-04
78,9780000000078,Secrets of Berlin,Sawyer Quincy,Mystery,1985-08-17
79,9780000000079,Rivers of New York,Harper Bennett,Non-fiction,2000-12-17
80,9780000000080,Secrets of New York,Dakota Porter,History,1981-02-20
81,9780000000081,Midnight in Edinburgh,Avery Slater,Travel,1990-11-26
82,9780000000082,Maps to Paris,Sage Nolan,Children,1996-03-11
83,9780000000083,Dreams of Lisbon,Sage Reid,History,1996-09-16
84,9780000000084,Light of Lisbon,Reese Jensen,Mystery,2003-01-07
85,9780000000085,Shadows over Sydney,Avery Keller,Mystery,2004-03-26
86,9780000000086,Letters from Tokyo,Dakota Carter,Mystery,2008-09-17
87,9780000000087,Stories of Tokyo,Rowan Porter,Mystery,1996-07-12
88,9780000000088,Stories of Berlin,Sawyer Mercer,Non-fiction,2008-04-06
89,9780000000089,Dreams of New York,Rowan Keller,Travel,2020-10-22
90,9780000000090,Streets of London,Riley Carter,Science,1989-05-20
91,9780000000091,Skylines of Cairo,Parker Nolan,Fiction,1988-08-08
92,9780000000092,Dreams of New York,Harper Carter,Fiction,2016-06-10
93,9780000000093,Midnight in Seoul,Parker Jensen,Fantasy,2017-05-19
94,9780000000094,Voices of Edinburgh,Sawyer Slater,History,1988-01-26
95,9780000000095,Maps to Berlin,Skylar Rhodes,Non-fiction,2020-03-28
96,9780000000096,Letters from Sydney,Dakota Keller,Fiction,1983-11-27
97,9780000000097,Gardens of Seoul,Reese Reid,Children,2013-12-16
98,9780000000098,Maps to Madrid,Harper Carter,Fiction,2014-01-13
99,9780000000099,Shadows over Rome,Avery Carter,Non-fiction,1980-10-18
100,9780000000100,Light of Berlin,Eden Griffin,Business,2018-11-17
101,9780000000101,Skylines of Madrid,Parker Lawson,Non-fiction,1999-11-02
102,9780000000102,Markets of London,Eden Quincy,Biography,1985-12-21
103,9780000000103,Bridges of Madrid,Quinn Rhodes,Travel,1994-11-02
104,9780000000104,Midnight in Dublin,Riley Keller,Fiction,1997-11-18
105,9780000000105,Skylines of Lisbon,Rowan Griffin,Non-fiction,2012-01-06
106,9780000000106,Letters from Rome,Sage Griffin,History,2000-04-13
107,9780000000107,Streets of Rome,Eden Slater,Biography,2013-12-01
108,9780000000108,City of Cairo,Riley Jensen,Children,1999-04-13
109,9780000000109,Dreams of Paris,Reese Cole,History,1982-01-04
110,9780000000110,Midnight in Madrid,Sawyer Bennett,Fiction,1981-01-05
111,9780000000111,Tales from Paris,Riley Carter,Non-fiction,2017-06-07
112,9780000000112,Gardens of Paris,Sage Porter,Non-fiction,1995-04-07
113,9780000000113,Midnight in New York,Harper Hayes,Travel,2010-02-05
114,9780000000114,Midnight in Edinburgh,Rowan Mercer,Mystery,2007-05-01
115,9780000000115,Windows on Lisbon,Rowan Carter,Mystery,2000-10-17
116,9780000000116,Markets of Toronto,Reese Blake,Fantasy,1981-07-17
117,9780000000117,Midnight in Seoul,Skylar Carter,Business,2016-04-23
118,9780000000118,Secrets of Toronto,Avery Quincy,Fiction,2013-04-10
119,9780000000119,Tales from London,Sawyer Slater,Non-fiction,2011-12-26
120,9780000000120,Shadows over Barcelona,Reese Nolan,Business,1996-10-06
121,9780000000121,Echoes of Edinburgh,Riley Jensen,Biography,1990-02-21
122,9780000000122,Secrets of Barcelona,Dakota Rhodes,Mystery,2002-02-13
123,9780000000123,Paths through Paris,Eden Blake,Mystery,1993-05-09
124,9780000000124,Skylines of Madrid,Eden Jensen,Biography,1988-09-20
125,9780000000125,Dreams of New York,Sawyer Mercer,Business,1989-08-22
126,9780000000126,Gardens of Dublin,Avery Reid,Biography,2024-05-19
127,9780000000127,Maps to Berlin,Sawyer Reid,Science,2012-04-09
128,9780000000128,Echoes of Berlin,Riley Bennett,Science,2000-10-17
129,9780000000129,Windows on Madrid,Quinn Mercer,Science,1996-12-04
130,9780000000130,Shadows over Tokyo,Quinn Porter,History,1989-05-24
131,9780000000131,Echoes of Cairo,Rowan Griffin,Non-fiction,2020-02-09
132,9780000000132,Light of Sydney,Skylar Carter,Fiction,2005-07-23
133,9780000000133,Maps to Toronto,Skylar Blake,History,1996-10-24
134,9780000000134,Paths through London,Riley Jensen,Fantasy,2024-10-19
135,9780000000135,Skylines of Rome,Hayden Jensen,History,2021-02-15
136,9780000000136,Skylines of Dublin,Rowan Rhodes,Fantasy,1995-07-23
137,9780000000137,Shadows over Lisbon,Sage Quincy,Biography,2009-01-20
138,9780000000138,Skylines of Madrid,Hayden Mercer,Fiction,2004-08-04
139,9780000000139,Tales from Lisbon,Parker Griffin,History,1992-09-12
140,9780000000140,Midnight in Istanbul,Parker Griffin,Biography,2012-01-21
141,9780000000141,Windows on Dublin,Eden Reid,Science,2023-03-13
142,9780000000142,Rivers of Tokyo,Riley Nolan,Fiction,1996-05-13
143,9780000000143,Paths through New York,Harper Hayes,Fantasy,2006-11-23
144,9780000000144,Windows on Lisbon,Mason Jensen,Travel,2005-09-08
145,9780000000145,Paths through Istanbul,Quinn Cole,History,1984-11-07
146,9780000000146,Markets of Rome,Sage Bennett,Mystery,2022-11-27
147,9780000000147,Skylines of Istanbul,Rowan Bennett,Biography,2002-04-09
148,9780000000148,Paths through Lisbon,Eden Cole,Biography,1980-12-26
149,9780000000149,Letters from Seoul,Quinn Lawson,Mystery,2010-08-14
150,9780000000150,Dreams of Paris,Hayden Nolan,History,1999-07-02
151,9780000000151,Secrets of Dublin,Dakota Bennett,Business,2002-11-19
152,9780000000152,City of London,Quinn Hayes,Travel,1996-10-04
153,9780000000153,Stories of Berlin,Sage Jensen,History,2008-06-26
154,9780000000154,Voices of Edinburgh,Eden Cole,Children,2024-10-26
155,9780000000155,Secrets of Toronto,Quinn Slater,Science,2013-02-24
156,9780000000156,Bridges of Tokyo,Parker Rhodes,Travel,2006-04-27
157,9780000000157,Voices of Barcelona,Skylar Carter,Biography,2009-03-23
158,9780000000158,Markets of Rome,Skylar Cole,Business,2018-12-01
159,9780000000159,Shadows over Dublin,Skylar Slater,Travel,2009-06-14
160,9780000000160,Skylines of Paris,Avery Nolan,Fiction,1981-10-02
161,9780000000161,Streets of Tokyo,Parker Slater,Biography,1989-01-07
162,9780000000162,Skylines of Berlin,Sawyer Rhodes,Mystery,2001-08-25
163,9780000000163,Rivers of Edinburgh,Rowan Quincy,Mystery,2007-05-18
164,9780000000164,Tales from Toronto,Rowan Nolan,Biography,2005-06-17
165,9780000000165,Letters from Seoul,Quinn Slater,Non-fiction,2001-04-11
166,9780000000166,Echoes of Berlin,Reese Hayes,Fiction,2005-12-18
167,9780000000167,Paths through New York,Eden Lawson,Non-fiction,1980-01-07
168,9780000000168,Markets of New York,Dakota Porter,Children,1989-11-22
169,9780000000169,Dreams of Paris,Quinn Carter,Biography,2020-03-04
170,9780000000170,Shadows over New York,Eden Rhodes,Fiction,2003-03-26
171,9780000000171,Echoes of Lisbon,Sage Lawson,History,2006-01-11
172,9780000000172,City of Cairo,Reese Carter,Biography,2016-09-02
173,9780000000173,Midnight in Cairo,Reese Porter,Biography,1984-01-22
174,9780000000174,Paths through Berlin,Skylar Quincy,Business,1986-02-21
175,9780000000175,Markets of Edinburgh,Avery Blake,Fantasy,1980-01-22
176,9780000000176,Midnight in Paris,Quinn Rhodes,History,2010-01-09
177,9780000000177,Stories of Rome,Skylar Cole,Fiction,2003-12-23
178,9780000000178,Voices of Paris,Rowan Slater,Biography,2022-05-02
179,9780000000179,Tales from London,Harper Blake,Children,1985-07-10
180,9780000000180,Echoes of Madrid,Sage Slater,Children,1983-06-12
181,9780000000181,Stories of Istanbul,Skylar Cole,History,1987-06-21
182,9780000000182,Shadows over Cairo,Skylar Porter,Biography,1997-10-11
183,9780000000183,Echoes of Lisbon,Harper Mercer,Children,1980-03-20
184,9780000000184,Echoes of Cairo,Quinn Porter,Fantasy,2023-07-20
185,9780000000185,Maps to Istanbul,Rowan Blake,Mystery,1996-05-14
186,9780000000186,Shadows over New York,Rowan Bennett,Children,1989-05-28
187,9780000000187,Gardens of Barcelona,Sawyer Hayes,Business,2015-08-26
188,9780000000188,Paths through Edinburgh,Dakota Jensen,Travel,2018-01-22
189,9780000000189,Paths through Istanbul,Riley Griffin,Travel,2017-01-26
190,9780000000190,Paths through Istanbul,Parker Hayes,Business,2002-02-08
191,9780000000191,Paths through Lisbon,Sage Mercer,Biography,2012-10-07
192,9780000000192,Light of Edinburgh,Quinn Hayes,History,2024-05-12
193,9780000000193,Stories of Seoul,Eden Bennett,Science,1982-08-12
194,9780000000194,Midnight in Seoul,Hayden Reid,Non-fiction,1989-06-20
195,9780000000195,City of Seoul,Rowan Blake,Non-fiction,1982-04-28
196,9780000000196,Stories of Barcelona,Reese Griffin,Travel,1997-07-04
197,9780000000197,Bridges of Berlin,Rowan Carter,Mystery,1992-03-13
198,9780000000198,Secrets of London,Harper Carter,Business,2003-12-15
199,9780000000199,Markets of Paris,Sage Porter,Non-fiction,1985-05-11
200,9780000000200,Stories of Rome,Hayden Hayes,Business,2005-03-15
