customer_id,name,email,gender,age,city,country
1,Chloe Martin,chloe.martin1@example.com,M,22,Melbourne,Australia
2,Abigail Parker,abigail.parker2@example.com,M,31,London,UK
3,Ava Adams,ava.adams3@example.com,M,33,Melbourne,Australia
4,Nora Adams,nora.adams4@mail.com,M,25,London,UK
5,Mason Parker,mason.parker5@email.com,M,55,London,UK
6,Noah Clark,noah.clark6@mail.com,M,72,London,UK
7,Michael Baker,michael.baker7@inbox.com,M,25,Paris,France
8,Nora Garcia,nora.garcia8@mail.com,M,54,New York,USA
9,Abigail Jackson,abigail.jackson9@example.com,M,54,Toronto,Canada
10,Jack Robinson,jack.robinson10@inbox.com,M,45,Madrid,Spain
11,Scarlett Parker,scarlett.parker11@mail.com,Other,37,Madrid,Spain
12,Muhammad Garcia,muhammad.garcia12@inbox.com,F,23,Lisbon,Portugal
13,Hannah Campbell,hannah.campbell13@example.com,F,36,Berlin,Germany
14,Isabella Mitchell,isabella.mitchell14@inbox.com,F,66,Melbourne,Australia
15,Charlotte Campbell,charlotte.campbell15@example.com,M,60,Melbourne,Australia
16,Luke Turner,luke.turner16@inbox.com,Other,39,Dublin,Ireland
17,Leo Campbell,leo.campbell17@example.com,F,22,Dublin,Ireland
18,Alexander Ramirez,alexander.ramirez18@inbox.com,M,21,Lisbon,Portugal
19,Logan Phillips,logan.phillips19@email.com,F,36,Rome,Italy
20,Mateo King,mateo.king20@mail.com,F,40,London,UK
21,Jack White,jack.white21@inbox.com,M,31,Madrid,Spain
22,Mia Rodriguez,mia.rodriguez22@email.com,F,73,Melbourne,Australia
23,Ava Thompson,ava.thompson23@inbox.com,F,53,Madrid,Spain
24,Mia Adams,mia.adams24@email.com,Other,63,Toronto,Canada
25,Evelyn Scott,evelyn.scott25@mail.com,F,23,Tokyo,Japan
26,Charlotte Clark,charlotte.clark26@email.com,F,18,Rome,Italy
27,Victoria Garcia,victoria.garcia27@mail.com,Other,18,Edinburgh,UK
28,Sofia Roberts,sofia.roberts28@inbox.com,M,54,Berlin,Germany
29,Mia Mitchell,mia.mitchell29@email.com,M,47,Dublin,Ireland
30,Elizabeth Green,elizabeth.green30@email.com,M,48,Melbourne,Australia
31,Noah Martinez,noah.martinez31@mail.com,F,46,New York,USA
32,Isabella Young,isabella.young32@example.com,M,24,Dublin,Ireland
33,Riley Martin,riley.martin33@example.com,M,41,Toronto,Canada
34,Emma Robinson,emma.robinson34@inbox.com,F,27,Dublin,Ireland
35,Evelyn Evans,evelyn.evans35@example.com,F,25,Berlin,Germany
36,Grace Hill,grace.hill36@example.com,F,37,Madrid,Spain
37,Charlotte Jackson,charlotte.jackson37@inbox.com,Other,65,Lisbon,Portugal
38,Aria Thompson,aria.thompson38@inbox.com,M,31,Toronto,Canada
39,Charlotte Roberts,charlotte.roberts39@example.com,M,37,London,UK
40,Levi Lewis,levi.lewis40@inbox.com,Other,28,Toronto,Canada
41,Julian Clark,julian.clark41@inbox.com,M,67,Toronto,Canada
42,Mason Clark,mason.clark42@mail.com,F,69,Dublin,Ireland
43,Samuel Green,samuel.green43@email.com,F,30,Lisbon,Portugal
44,Evelyn Smith,evelyn.smith44@inbox.com,Other,48,London,UK
45,Lucas Evans,lucas.evans45@inbox.com,F,69,Berlin,Germany
46,Abigail Thomas,abigail.thomas46@email.com,M,32,Tokyo,Japan
47,Lucas Young,lucas.young47@example.com,F,57,Tokyo,Japan
48,Aria King,aria.king48@example.com,M,71,Rome,Italy
49,Emily Martinez,emily.martinez49@inbox.com,F,45,Madrid,Spain
50,Ava Green,ava.green50@example.com,F,65,Madrid,Spain
51,Owen Thompson,owen.thompson51@mail.com,F,19,Paris,France
52,Victoria Hill,victoria.hill52@email.com,F,57,Rome,Italy
53,Mateo King,mateo.king53@mail.com,M,53,Paris,France
54,Liam Johnson,liam.johnson54@mail.com,M,51,Lisbon,Portugal
55,Avery Martinez,avery.martinez55@mail.com,M,34,Tokyo,Japan
56,Michael Mitchell,michael.mitchell56@inbox.com,M,38,Tokyo,Japan
57,Zoe Baker,zoe.baker57@inbox.com,M,65,Paris,France
58,Scarlett Parker,scarlett.parker58@mail.com,F,70,Toronto,Canada
59,Zoe Martin,zoe.martin59@email.com,M,19,Toronto,Canada
60,Julian Garcia,julian.garcia60@mail.com,M,67,Dublin,Ireland
61,James Martin,james.martin61@example.com,M,64,Madrid,Spain
62,Nora Taylor,nora.taylor62@email.com,M,51,Berlin,Germany
63,Muhammad Jackson,muhammad.jackson63@mail.com,M,33,Toronto,Canada
64,Alexander Brown,alexander.brown64@example.com,M,46,New York,USA
65,Luke Anderson,luke.anderson65@mail.com,Other,57,Madrid,Spain
66,Levi Lee,levi.lee66@email.com,M,52,Madrid,Spain
67,Lily Rodriguez,lily.rodriguez67@inbox.com,M,74,Lisbon,Portugal
68,Nora Martinez,nora.martinez68@example.com,F,44,Madrid,Spain
69,Elizabeth Nelson,elizabeth.nelson69@mail.com,M,60,Berlin,Germany
70,Avery Anderson,avery.anderson70@example.com,Other,68,Tokyo,Japan
71,Julian Martin,julian.martin71@inbox.com,Other,27,Lisbon,Portugal
72,Mia Hill,mia.hill72@email.com,M,43,Tokyo,Japan
73,William Clark,william.clark73@email.com,F,50,Paris,France
74,Harper Baker,harper.baker74@example.com,Other,38,Tokyo,Japan
75,Owen Wright,owen.wright75@email.com,Other,53,London,UK
76,Ella Smith,ella.smith76@inbox.com,Other,51,Melbourne,Australia
77,Lily Anderson,lily.anderson77@example.com,F,74,New York,USA
78,Ava Lewis,ava.lewis78@mail.com,M,75,Edinburgh,UK
79,Alexander Harris,alexander.harris79@mail.com,Other,43,Melbourne,Australia
80,Zoe Mitchell,zoe.mitchell80@inbox.com,F,62,Dublin,Ireland
81,Ava Lee,ava.lee81@example.com,F,45,London,UK
82,Alexander Smith,alexander.smith82@inbox.com,M,69,Rome,Italy
83,Ava Evans,ava.evans83@example.com,M,34,Tokyo,Japan
84,Scarlett Johnson,scarlett.johnson84@inbox.com,M,44,Berlin,Germany
85,Jack Harris,jack.harris85@mail.com,M,63,London,UK
86,Isabella Thompson,isabella.thompson86@mail.com,M,29,Edinburgh,UK
87,Daniel Hall,daniel.hall87@email.com,F,36,Toronto,Canada
88,Lily Garcia,lily.garcia88@example.com,Other,69,Edinburgh,UK
89,Henry Brown,henry.brown89@mail.com,M,64,London,UK
90,Lily Ramirez,lily.ramirez90@email.com,F,24,Tokyo,Japan
91,Mateo Campbell,mateo.campbell91@inbox.com,F,50,Toronto,Canada
92,Levi Robinson,levi.robinson92@mail.com,Other,30,Tokyo,Japan
93,Elizabeth King,elizabeth.king93@example.com,F,18,London,UK
94,Mason Lewis,mason.lewis94@example.com,F,21,Melbourne,Australia
95,Mateo Scott,mateo.scott95@mail.com,Other,56,Toronto,Canada
96,Levi Walker,levi.walker96@mail.com,F,29,London,UK
97,Alexander Nelson,alexander.nelson97@inbox.com,Other,41,London,UK
98,Nora Allen,nora.allen98@inbox.com,M,74,Tokyo,Japan
99,Benjamin King,benjamin.king99@email.com,M,39,Paris,France
100,Ava Ramirez,ava.ramirez100@mail.com,M,59,Edinburgh,UK
101,Ethan Mitchell,ethan.mitchell101@example.com,M,34,London,UK
102,Charlotte Green,charlotte.green102@example.com,M,43,Dublin,Ireland
103,Daniel Hall,daniel.hall103@mail.com,F,23,Rome,Italy
104,Mateo Evans,mateo.evans104@email.com,Other,64,Melbourne,Australia
105,Charlotte Walker,charlotte.walker105@mail.com,M,59,Lisbon,Portugal
106,Olivia Mitchell,olivia.mitchell106@mail.com,F,64,Rome,Italy
107,Hannah Mitchell,hannah.mitchell107@mail.com,M,70,Dublin,Ireland
108,Ava Smith,ava.smith108@inbox.com,F,58,London,UK
109,Sophia Scott,sophia.scott109@example.com,M,21,Madrid,Spain
110,Mason Roberts,mason.roberts110@inbox.com,F,49,Rome,Italy
111,Amelia Hill,amelia.hill111@example.com,M,75,New York,USA
112,Mateo Perez,mateo.perez112@example.com,F,34,New York,USA
113,Henry Rodriguez,henry.rodriguez113@email.com,F,32,Lisbon,Portugal
114,Grace Scott,grace.scott114@inbox.com,F,61,New York,USA
115,Julian Brown,julian.brown115@mail.com,F,22,Dublin,Ireland
116,Harper Lewis,harper.lewis116@mail.com,Other,57,Rome,Italy
117,Amelia Ramirez,amelia.ramirez117@example.com,F,35,London,UK
118,Levi Robinson,levi.robinson118@inbox.com,F,36,Rome,Italy
119,Scarlett Hill,scarlett.hill119@mail.com,M,75,Madrid,Spain
120,Daniel Thomas,daniel.thomas120@email.com,M,36,Madrid,Spain
